ID,Geno,SizeRE,Genotype,PotPlug,Density,Chamber,Tray,Season,MatFr,ImmFr,Flowers,BasBr,PrimBr,TotBr,Height,FailedFr,LeafNum,Diam,Leaves dead when measured (Y= yes),SizeOrig
213,K,Big,E16_06,Pot,Low,R20B,1,Early,0,0,NA,1,0,1,6,0,55,65.04,NA,Small
108,H,Big,E16_07,Pot,High,R25B,1,Early,0,0,NA,1,0,1,63,0,34,43.68,NA,Big
89,J,Big,E16_19,Pot,Low,R24T,1,Early,0,0,NA,1,0,1,68,0,43,77.3,NA,Big
52,B,Small,E16_T1_26,Plug,High,R24B,2,Early,0,1,NA,1,0,1,11,0,6,3.83,NA,Big
194,K,Big,E16_06,Pot,High,R21T,2,Early,0,1,NA,1,0,1,93,0,46,45.78,NA,Small
103,H,Big,E16_07,Pot,High,R23T,2,Early,0,1,NA,1,0,1,157,0,27,68.88,NA,Big
129,C,Small,E03_04,Pot,High,R23T,1,Early,0,2,NA,1,0,1,46,0,14,20.27,NA,Big
197,K,Big,E16_06,Pot,High,R24B,2,Early,0,2,NA,1,0,1,148,0,37,41.17,NA,Small
77,J,Big,E16_19,Pot,High,R24B,1,Early,0,3,NA,1,0,1,54,1,30,44.31,NA,Big
169,D,Small,E03_T1_35,Plug,High,R21T,1,Early,0,3,NA,1,0,1,119,0,20,28,NA,Small
244,L,Big,E16_23,Pot,High,R24B,2,Early,0,4,NA,1,0,1,113,0,41,47.41,NA,Small
30,E,Small,E16_T1_30,Plug,High,R24B,1,Early,0,5,NA,1,0,1,76,0,20,26.28,NA,Big
210,K,Big,E16_06,Pot,Low,R24T,2,Early,0,5,NA,1,4,5,245,0,69,68.39,NA,Small
78,J,Big,E16_19,Pot,High,R24B,2,Early,0,6,NA,1,0,1,8,0,27,34.46,NA,Big
124,C,Small,E03_04,Pot,High,R24B,1,Early,0,6,NA,1,0,1,111,0,17,25.92,NA,Big
230,G,Big,E16_04,Pot,Low,R21B,1,Early,0,6,NA,1,5,6,234,2,53,65.61,NA,Small
241,L,Big,E16_23,Pot,High,R21T,2,Early,0,7,NA,1,0,1,178,1,42,48.17,NA,Small
82,J,Big,E16_19,Pot,High,R25B,2,Early,0,9,NA,1,0,1,158,0,29,29.52,NA,Big
193,K,Big,E16_06,Pot,High,R21T,1,Early,0,9,NA,1,1,2,196,1,46,54.07,NA,Small
207,K,Big,E16_06,Pot,Low,R21B,2,Early,0,10,NA,1,4,5,259,0,55,57.65,NA,Small
235,G,Big,E16_04,Pot,Low,R20B,2,Early,0,10,NA,1,5,6,223,0,49,83.99,NA,Small
271,F,Small,E03_06,Pot,High,R23T,1,Early,0,11,NA,1,0,1,114,0,26,38.68,NA,Small
25,E,Small,E16_T1_30,Plug,High,R21T,1,Early,0,11,NA,1,0,1,133,0,29,45.66,NA,Big
5,I,Big,E16_20,Pot,High,R24B,2,Early,0,13,NA,1,0,1,163,0,48,59.16,NA,Big
22,I,Big,E16_20,Pot,Low,R25T,1,Early,0,13,NA,1,7,8,148,2,48,82.39,NA,Big
84,J,Big,E16_19,Pot,High,R25B,2,Early,0,14,NA,1,0,1,159,0,34,33.85,NA,Big
201,K,Big,E16_06,Pot,High,R23T,2,Early,0,15,NA,1,0,1,211,0,31,40.41,NA,Small
233,G,Big,E16_04,Pot,Low,R24T,2,Early,0,15,NA,1,7,8,243,0,56,88.05,NA,Small
113,H,Big,E16_07,Pot,Low,R24T,1,Early,0,16,NA,1,5,6,409,1,52,74.84,NA,Big
27,E,Small,E16_T1_30,Plug,High,R21T,2,Early,0,17,NA,1,0,1,20,0,34,60.02,NA,Big
268,F,Small,E03_06,Pot,High,R24B,2,Early,0,19,NA,1,0,1,173,0,26,41.24,NA,Small
114,H,Big,E16_07,Pot,Low,R24T,2,Early,0,20,NA,1,3,4,408,0,50,74.44,NA,Big
229,G,Big,E16_04,Pot,Low,R21B,1,Early,0,20,NA,1,6,7,297,1,56,79.2,NA,Small
171,D,Small,E03_T1_35,Plug,High,R21T,2,Early,0,22,NA,1,0,1,245,0,25,53.75,NA,Small
110,H,Big,E16_07,Pot,Low,R21B,2,Early,0,22,NA,1,3,4,423,0,52,55.76,NA,Big
254,L,Big,E16_23,Pot,Low,R21B,2,Early,0,22,NA,1,4,5,263,1,58,73.57,NA,Small
112,H,Big,E16_07,Pot,Low,R24T,1,Early,0,22,NA,1,6,7,434,1,56,87.52,NA,Big
119,H,Big,E16_07,Pot,Low,R25T,1,Early,0,22,NA,1,7,8,416,0,52,97.2,NA,Big
28,E,Small,E16_T1_30,Plug,High,R24B,2,Early,0,23,NA,1,0,1,221,0,27,41.24,NA,Big
3,I,Big,E16_20,Pot,High,R21T,2,Early,0,23,NA,1,3,4,261,1,38,69.56,NA,Big
109,H,Big,E16_07,Pot,Low,R21B,1,Early,0,23,NA,1,4,5,436,1,48,71.53,NA,Big
236,G,Big,E16_04,Pot,Low,R20B,2,Early,0,25,NA,1,7,8,288,0,53,74.47,NA,Small
19,I,Big,E16_20,Pot,Low,R20B,1,Early,0,27,NA,1,5,6,143,0,35,85.81,NA,Big
212,K,Big,E16_06,Pot,Low,R20B,2,Early,0,27,NA,1,5,6,334,0,51,72.92,NA,Small
206,K,Big,E16_06,Pot,Low,R21B,2,Early,0,29,NA,1,4,5,289,1,53,56.48,NA,Small
111,H,Big,E16_07,Pot,Low,R21B,2,Early,0,30,NA,1,4,5,432,0,48,79.19,NA,Big
116,H,Big,E16_07,Pot,Low,R20B,2,Early,0,31,NA,1,5,6,461,0,75,87.6,NA,Big
117,H,Big,E16_07,Pot,Low,R20B,2,Early,0,31,NA,1,7,8,355,0,60,82.52,NA,Big
94,J,Big,E16_19,Pot,Low,R25T,2,Early,0,32,NA,1,9,10,367,0,49,88.48,NA,Big
265,F,Small,E03_06,Pot,High,R21T,2,Early,0,34,NA,1,1,2,284,0,40,74.84,NA,Small
125,C,Small,E03_04,Pot,High,R24B,2,Early,0,36,NA,1,4,5,274,0,22,52.44,NA,Big
26,E,Small,E16_T1_30,Plug,High,R21T,2,Early,0,38,NA,1,2,3,334,2,38,71.86,NA,Big
261,L,Big,E16_23,Pot,Low,R20B,2,Early,0,38,NA,1,7,8,337,1,51,84.69,NA,Small
23,I,Big,E16_20,Pot,Low,R25T,2,Early,0,38,NA,1,9,10,291,2,54,86.31,NA,Big
216,K,Big,E16_06,Pot,Low,R25T,1,Early,0,39,NA,1,6,7,345,1,59,87.55,NA,Small
255,L,Big,E16_23,Pot,Low,R21B,2,Early,0,39,NA,1,6,7,348,4,50,66.8,NA,Small
208,K,Big,E16_06,Pot,Low,R24T,2,Early,0,43,NA,1,7,8,337,2,53,90.42,NA,Small
260,L,Big,E16_23,Pot,Low,R20B,2,Early,0,44,NA,1,6,7,281,0,51,76.27,NA,Small
120,H,Big,E16_07,Pot,Low,R25T,1,Early,0,45,NA,2,7,19,519,0,50,95.5,NA,Big
118,H,Big,E16_07,Pot,Low,R25T,1,Early,0,47,NA,1,7,21,491,0,51,90.81,NA,Big
38,E,Small,E16_T1_30,Plug,Low,R21B,1,Early,0,49,NA,1,5,6,316,2,39,89.79,NA,Big
21,I,Big,E16_20,Pot,Low,R20B,1,Early,0,49,NA,1,8,11,388,0,50,85.44,NA,Big
237,G,Big,E16_04,Pot,Low,R20B,2,Early,0,50,NA,1,5,6,378,0,46,83.48,NA,Small
238,G,Big,E16_04,Pot,Low,R25T,1,Early,0,50,NA,1,6,7,334,0,52,91.98,NA,Small
256,L,Big,E16_23,Pot,Low,R24T,1,Early,0,51,NA,1,4,5,34,0,55,76.16,NA,Small
214,K,Big,E16_06,Pot,Low,R25T,2,Early,0,53,NA,1,6,7,242,6,49,81.58,NA,Small
90,J,Big,E16_19,Pot,Low,R24T,2,Early,0,53,NA,1,7,8,364,0,55,74.8,NA,Big
267,F,Small,E03_06,Pot,High,R21T,2,Early,0,55,NA,1,3,4,368,0,44,71.32,NA,Small
122,C,Small,E03_04,Pot,High,R21T,2,Early,0,57,NA,1,6,7,263,0,25,61.9,Y,Big
209,K,Big,E16_06,Pot,Low,R24T,1,Early,0,58,NA,1,7,8,363,2,47,99.2,NA,Small
231,G,Big,E16_04,Pot,Low,R21B,1,Early,0,64,NA,1,5,6,368,0,48,83.35,NA,Small
257,L,Big,E16_23,Pot,Low,R24T,2,Early,0,64,NA,1,7,8,368,1,51,91.18,NA,Small
20,I,Big,E16_20,Pot,Low,R20B,2,Early,0,64,NA,1,8,10,337,1,52,113.15,NA,Big
211,K,Big,E16_06,Pot,Low,R20B,1,Early,0,65,NA,1,7,8,371,4,56,95.09,NA,Small
234,G,Big,E16_04,Pot,Low,R24T,2,Early,0,71,NA,1,7,8,376,0,51,109.34,NA,Small
86,J,Big,E16_19,Pot,Low,R21B,2,Early,0,72,NA,1,7,8,413,0,58,99.73,NA,Big
258,L,Big,E16_23,Pot,Low,R24T,2,Early,0,73,NA,1,7,8,353,0,54,81.66,NA,Small
215,K,Big,E16_06,Pot,Low,R25T,2,Early,0,74,NA,1,5,6,36,2,53,106.3,NA,Small
95,J,Big,E16_19,Pot,Low,R25T,2,Early,0,78,NA,1,11,12,392,1,52,115.92,NA,Big
91,J,Big,E16_19,Pot,Low,R20B,2,Early,0,83,NA,1,9,10,378,1,61,108.4,NA,Big
88,J,Big,E16_19,Pot,Low,R24T,2,Early,0,89,NA,1,9,10,415,2,55,93.28,NA,Big
287,F,Small,E03_06,Pot,Low,R25T,2,Early,0,91,NA,1,6,7,368,2,50,102.49,NA,Small
239,G,Big,E16_04,Pot,Low,R25T,2,Early,0,94,NA,1,8,9,373,1,55,104.52,NA,Small
240,G,Big,E16_04,Pot,Low,R25T,2,Early,0,100,NA,1,7,8,377,1,52,111.76,NA,Small
264,L,Big,E16_23,Pot,Low,R25T,2,Early,0,101,NA,1,7,8,397,0,51,109.53,NA,Small
253,L,Big,E16_23,Pot,Low,R21B,1,Early,0,105,NA,1,8,9,387,4,56,83.56,NA,Small
263,L,Big,E16_23,Pot,Low,R25T,2,Early,0,135,NA,1,7,8,374,0,51,114.76,NA,Small
42,E,Small,E16_T1_30,Plug,Low,R24T,2,Early,0,139,NA,1,5,6,419,0,36,90.46,NA,Big
85,J,Big,E16_19,Pot,Low,R21B,2,Early,0,150,NA,1,8,9,468,1,62,96.18,NA,Big
73,J,Big,E16_19,Pot,High,R21T,NA,Late,0,NA,0,1,0,1,1,0,NA,NA,NA,Big
219,G,Big,E16_04,Pot,High,R21T,NA,Late,0,NA,0,1,0,1,4,0,NA,NA,NA,Small
99,H,Big,E16_07,Pot,High,R21T,NA,Late,0,NA,1,1,0,1,7,0,NA,NA,NA,Big
15,I,Big,E16_20,Pot,Low,R21B,NA,Late,0,NA,2,1,0,1,29,0,NA,NA,NA,Big
104,H,Big,E16_07,Pot,High,R23T,NA,Late,0,NA,0,1,4,5,44,3,NA,NA,NA,Big
79,J,Big,E16_19,Pot,High,R23T,2,Early,1,17,NA,1,0,1,211,0,30,43.86,NA,Big
269,F,Small,E03_06,Pot,High,R24B,2,Early,1,19,NA,1,0,1,207,0,27,46.13,NA,Small
276,F,Small,E03_06,Pot,High,R25B,2,Early,1,31,NA,1,0,1,27,2,30,45.08,NA,Small
123,C,Small,E03_04,Pot,High,R21T,1,Early,1,41,NA,1,4,5,254,0,27,48.55,NA,Big
92,J,Big,E16_19,Pot,Low,R20B,2,Early,1,96,NA,1,5,6,473,0,55,82.93,NA,Big
46,E,Small,E16_T1_30,Plug,Low,R25T,1,Early,1,109,NA,1,6,8,359,0,37,101.63,NA,Big
259,L,Big,E16_23,Pot,Low,R20B,2,Early,1,124,NA,1,8,9,414,0,59,113.59,NA,Small
68,B,Small,E16_T1_26,Plug,Low,R20B,2,Early,1,149,NA,1,7,8,268,0,40,108.97,NA,Big
52,B,Small,E16_T1_26,Plug,High,R24B,NA,Late,1,NA,0,1,0,1,18,0,NA,NA,NA,Big
51,B,Small,E16_T1_26,Plug,High,R21T,NA,Late,1,NA,0,1,0,1,34,0,NA,NA,NA,Big
147,A,Small,E03_T1_29,Plug,High,R21T,NA,Late,1,NA,0,1,0,1,35,0,NA,NA,NA,Small
270,F,Small,E03_06,Pot,High,R24B,2,Early,2,16,NA,1,0,1,177,0,53,44.55,NA,Small
262,L,Big,E16_23,Pot,Low,R25T,1,Early,2,62,NA,1,7,8,397,5,59,103.1,NA,Small
198,K,Big,E16_06,Pot,High,R24B,NA,Late,2,NA,0,1,0,1,46,0,NA,NA,NA,Small
221,G,Big,E16_04,Pot,High,R24B,NA,Late,2,NA,1,1,0,1,51,0,NA,NA,NA,Small
252,L,Big,E16_23,Pot,High,R25B,NA,Late,2,NA,4,1,5,9,19,1,NA,NA,NA,Small
34,E,Small,E16_T1_30,Plug,High,R25B,1,Early,3,12,NA,1,0,1,118,0,18,37.93,NA,Big
81,J,Big,E16_19,Pot,High,R23T,1,Early,3,16,NA,1,0,1,202,0,29,46.04,NA,Big
83,J,Big,E16_19,Pot,High,R25B,1,Early,3,18,NA,1,0,1,194,0,24,33.63,NA,Big
274,F,Small,E03_06,Pot,High,R25B,2,Early,3,23,NA,1,0,1,257,1,26,47.73,NA,Small
146,A,Small,E03_T1_29,Plug,High,R21T,1,Early,3,23,NA,1,2,3,227,0,25,35.2,NA,Small
33,E,Small,E16_T1_30,Plug,High,R23T,2,Early,3,25,NA,1,0,1,243,2,27,51.16,NA,Big
18,I,Big,E16_20,Pot,Low,R24T,1,Early,3,68,NA,1,4,6,386,2,61,85.92,NA,Big
17,I,Big,E16_20,Pot,Low,R24T,1,Early,3,69,NA,1,2,9,461,7,52,80.22,NA,Big
192,D,Small,E03_T1_35,Plug,Low,R25T,2,Early,3,228,NA,3,9,14,374,0,45,105.26,NA,Small
129,C,Small,E03_04,Pot,High,R23T,NA,Late,3,NA,1,1,0,1,49,0,NA,NA,NA,Big
272,F,Small,E03_06,Pot,High,R23T,2,Early,4,10,NA,1,0,1,172,1,19,35.36,NA,Small
183,D,Small,E03_T1_35,Plug,Low,R21B,1,Early,4,86,NA,1,7,8,376,0,33,80.37,NA,Small
69,B,Small,E16_T1_26,Plug,Low,R20B,1,Early,4,114,NA,1,6,7,286,1,37,89.62,NA,Big
161,A,Small,E03_T1_29,Plug,Low,R24T,2,Early,4,137,NA,1,10,11,405,10,35,80.98,NA,Small
222,G,Big,E16_04,Pot,High,R24B,NA,Late,4,NA,0,1,0,1,71,0,NA,NA,NA,Small
31,E,Small,E16_T1_30,Plug,High,R23T,1,Early,5,19,NA,1,0,1,209,0,23,48,NA,Big
80,J,Big,E16_19,Pot,High,R23T,1,Early,5,27,NA,1,0,1,264,0,36,55.68,NA,Big
75,J,Big,E16_19,Pot,High,R21T,2,Early,5,38,NA,1,2,3,316,2,32,49.11,NA,Big
205,K,Big,E16_06,Pot,Low,R21B,1,Early,5,42,NA,1,5,6,429,2,52,71.53,NA,Small
24,I,Big,E16_20,Pot,Low,R25T,1,Early,5,54,NA,1,7,27,335,2,57,85.2,NA,Big
162,A,Small,E03_T1_29,Plug,Low,R24T,2,Early,5,254,NA,1,12,13,464,2,45,122.87,NA,Small
217,G,Big,E16_04,Pot,High,R21T,NA,Late,5,NA,0,1,0,1,83,0,NA,NA,NA,Small
55,B,Small,E16_T1_26,Plug,High,R23T,1,Early,6,1,NA,1,1,2,103,0,16,29.29,NA,Big
60,B,Small,E16_T1_26,Plug,High,R25B,2,Early,6,3,NA,1,0,1,121,0,10,34.15,NA,Big
63,B,Small,E16_T1_26,Plug,Low,R21B,2,Early,6,60,NA,1,2,3,341,0,33,66.28,NA,Big
280,F,Small,E03_06,Pot,Low,R24T,2,Early,6,120,NA,1,3,4,44,2,49,93.12,NA,Small
126,C,Small,E03_04,Pot,High,R24B,1,Early,7,18,NA,1,0,1,234,0,25,46.14,NA,Big
87,J,Big,E16_19,Pot,Low,R21B,2,Early,7,38,NA,1,0,1,355,1,47,56.97,NA,Big
121,C,Small,E03_04,Pot,High,R21T,1,Early,7,54,NA,1,3,4,322,0,27,59.61,NA,Big
277,F,Small,E03_06,Pot,Low,R21B,2,Early,7,59,NA,1,4,5,368,0,50,68.46,NA,Small
170,D,Small,E03_T1_35,Plug,High,R21T,2,Early,7,69,NA,1,9,10,336,1,30,68.39,NA,Small
100,H,Big,E16_07,Pot,High,R24B,NA,Late,7,NA,0,1,0,1,123,0,NA,NA,NA,Big
30,E,Small,E16_T1_30,Plug,High,R24B,NA,Late,7,NA,0,1,1,2,76,1,NA,NA,NA,Big
53,B,Small,E16_T1_26,Plug,High,R24B,1,Early,8,1,NA,1,0,1,113,0,20,31.92,NA,Big
39,E,Small,E16_T1_30,Plug,Low,R21B,2,Early,8,44,NA,1,2,3,382,2,39,60.45,NA,Big
182,D,Small,E03_T1_35,Plug,Low,R21B,2,Early,8,151,NA,1,15,16,439,0,32,79.19,NA,Small
130,C,Small,E03_04,Pot,High,R25B,1,Early,9,5,NA,1,0,1,153,0,24,31.64,NA,Big
32,E,Small,E16_T1_30,Plug,High,R23T,2,Early,9,17,NA,1,0,1,198,0,26,40.05,NA,Big
29,E,Small,E16_T1_30,Plug,High,R24B,2,Early,9,27,NA,1,0,1,286,0,27,42.51,NA,Big
127,C,Small,E03_04,Pot,High,R23T,1,Early,9,29,NA,1,4,5,259,0,25,48.66,NA,Big
191,D,Small,E03_T1_35,Plug,Low,R25T,2,Early,9,121,NA,1,8,9,257,1,32,84.48,NA,Small
124,C,Small,E03_04,Pot,High,R24B,NA,Late,9,NA,0,1,0,1,111,1,NA,NA,NA,Big
275,F,Small,E03_06,Pot,High,R25B,1,Early,10,24,NA,1,3,4,247,2,27,42.42,NA,Small
227,G,Big,E16_04,Pot,High,R25B,NA,Late,10,NA,0,1,0,1,116,0,NA,NA,NA,Small
153,A,Small,E03_T1_29,Plug,High,R23T,1,Early,11,16,NA,1,5,6,239,0,22,49.27,NA,Small
184,D,Small,E03_T1_35,Plug,Low,R24T,2,Early,11,155,NA,1,9,10,455,0,33,81.08,NA,Small
185,D,Small,E03_T1_35,Plug,Low,R24T,1,Early,11,233,NA,1,10,11,444,1,45,109.05,NA,Small
10,I,Big,E16_20,Pot,High,R25B,NA,Late,11,NA,1,1,0,1,121,0,NA,NA,NA,Big
60,B,Small,E16_T1_26,Plug,High,R25B,NA,Late,11,NA,0,1,0,1,124,0,NA,NA,NA,Big
97,H,Big,E16_07,Pot,High,R21T,NA,Late,11,NA,0,1,0,1,179,0,NA,NA,NA,Big
55,B,Small,E16_T1_26,Plug,High,R23T,NA,Late,11,NA,0,1,1,2,102,0,NA,NA,NA,Big
246,L,Big,E16_23,Pot,High,R24B,NA,Late,11,NA,1,1,2,3,143,0,NA,NA,NA,Small
148,A,Small,E03_T1_29,Plug,High,R24B,1,Early,12,4,NA,1,0,1,162,0,22,40.92,NA,Small
131,C,Small,E03_04,Pot,High,R25B,2,Early,12,11,NA,1,0,1,21,1,21,43.83,NA,Big
57,B,Small,E16_T1_26,Plug,High,R23T,1,Early,12,14,NA,1,3,4,171,0,19,46.9,NA,Big
135,C,Small,E03_04,Pot,Low,R21B,2,Early,12,86,NA,1,7,8,325,0,35,78.79,NA,Big
281,F,Small,E03_06,Pot,Low,R24T,1,Early,12,103,NA,1,4,5,444,1,56,80.48,NA,Small
220,G,Big,E16_04,Pot,High,R24B,NA,Late,12,NA,0,1,0,1,175,0,NA,NA,NA,Small
53,B,Small,E16_T1_26,Plug,High,R24B,NA,Late,12,NA,1,1,1,2,115,0,NA,NA,NA,Big
178,D,Small,E03_T1_35,Plug,High,R25B,1,Early,13,5,NA,1,4,5,191,0,23,39.13,NA,Small
35,E,Small,E16_T1_30,Plug,High,R25B,1,Early,13,16,NA,1,0,1,22,0,22,40.84,NA,Big
93,J,Big,E16_19,Pot,Low,R20B,1,Early,13,84,NA,1,5,6,529,2,50,89.31,NA,Big
96,J,Big,E16_19,Pot,Low,R25T,1,Early,13,162,NA,1,10,30,452,0,62,106.24,NA,Big
166,A,Small,E03_T1_29,Plug,Low,R25T,2,Early,13,285,NA,1,12,16,396,0,30,93.78,NA,Small
218,G,Big,E16_04,Pot,High,R21T,NA,Late,13,NA,0,1,0,1,165,1,NA,NA,NA,Small
156,A,Small,E03_T1_29,Plug,High,R25B,1,Early,14,10,NA,1,7,8,257,0,16,33.58,NA,Small
132,C,Small,E03_04,Pot,High,R25B,2,Early,14,32,NA,1,4,5,24,0,23,52.06,NA,Big
278,F,Small,E03_06,Pot,Low,R21B,1,Early,14,41,NA,1,3,4,419,7,38,67.43,NA,Small
47,E,Small,E16_T1_30,Plug,Low,R25T,1,Early,14,104,NA,1,7,9,419,1,55,88.79,NA,Big
160,A,Small,E03_T1_29,Plug,Low,R24T,2,Early,14,174,NA,1,12,13,449,0,38,85.01,NA,Small
169,D,Small,E03_T1_35,Plug,High,R21T,NA,Late,14,NA,3,1,0,1,146,0,NA,NA,NA,Small
101,H,Big,E16_07,Pot,High,R24B,NA,Late,14,NA,3,1,2,4,284,4,NA,NA,NA,Big
155,A,Small,E03_T1_29,Plug,High,R25B,1,Early,15,0,NA,1,4,5,182,0,17,36.69,NA,Small
62,B,Small,E16_T1_26,Plug,Low,R21B,1,Early,15,108,NA,2,7,9,273,1,38,90.03,NA,Big
37,E,Small,E16_T1_30,Plug,Low,R21B,2,Early,15,138,NA,1,7,8,393,0,49,80.89,NA,Big
40,E,Small,E16_T1_30,Plug,Low,R24T,1,Early,15,143,NA,1,4,5,409,0,51,91.66,NA,Big
78,J,Big,E16_19,Pot,High,R24B,NA,Late,15,NA,0,1,0,1,127,0,NA,NA,NA,Big
228,G,Big,E16_04,Pot,High,R25B,NA,Late,15,NA,0,1,0,1,189,1,NA,NA,NA,Small
102,H,Big,E16_07,Pot,High,R24B,NA,Late,15,NA,1,1,0,1,218,0,NA,NA,NA,Big
149,A,Small,E03_T1_29,Plug,High,R24B,1,Early,16,1,NA,1,0,1,179,0,24,47.59,NA,Small
273,F,Small,E03_06,Pot,High,R23T,1,Early,16,17,NA,1,0,1,233,1,33,37.75,NA,Small
150,A,Small,E03_T1_29,Plug,High,R24B,2,Early,16,39,NA,1,8,9,353,0,27,60.3,NA,Small
266,F,Small,E03_06,Pot,High,R21T,2,Early,16,116,NA,1,5,6,383,0,41,88.81,NA,Small
279,F,Small,E03_06,Pot,Low,R21B,1,Early,16,157,NA,1,6,7,444,7,39,87.54,NA,Small
151,A,Small,E03_T1_29,Plug,High,R23T,2,Early,17,72,NA,1,6,7,331,0,23,59.05,NA,Small
130,C,Small,E03_04,Pot,High,R25B,NA,Late,17,NA,0,1,2,3,154,2,NA,NA,NA,Big
174,D,Small,E03_T1_35,Plug,High,R24B,1,Early,18,0,NA,1,0,1,201,0,18,31.95,NA,Small
173,D,Small,E03_T1_35,Plug,High,R24B,2,Early,18,6,NA,1,0,1,226,0,28,43.85,NA,Small
282,F,Small,E03_06,Pot,Low,R24T,1,Early,18,135,NA,1,6,7,453,7,36,80.09,NA,Small
48,E,Small,E16_T1_30,Plug,Low,R25T,2,Early,18,139,NA,1,6,7,368,0,38,97.27,NA,Big
77,J,Big,E16_19,Pot,High,R24B,NA,Late,18,NA,0,1,0,1,119,1,NA,NA,NA,Big
12,I,Big,E16_20,Pot,High,R25B,NA,Late,18,NA,0,1,0,1,156,0,NA,NA,NA,Big
8,I,Big,E16_20,Pot,High,R23T,NA,Late,18,NA,2,1,1,2,211,0,NA,NA,NA,Big
224,G,Big,E16_04,Pot,High,R23T,NA,Late,18,NA,1,1,2,3,201,0,NA,NA,NA,Small
14,I,Big,E16_20,Pot,Low,R21B,NA,Late,18,NA,6,1,3,4,217,0,NA,NA,NA,Big
179,D,Small,E03_T1_35,Plug,High,R25B,1,Early,19,0,NA,1,0,1,199,0,23,39.37,NA,Small
128,C,Small,E03_04,Pot,High,R23T,1,Early,19,8,NA,1,3,4,221,0,22,42.24,NA,Big
36,E,Small,E16_T1_30,Plug,High,R25B,2,Early,19,15,NA,1,1,2,258,0,24,41.72,NA,Big
152,A,Small,E03_T1_29,Plug,High,R23T,2,Early,19,31,NA,1,7,8,29,0,26,62.67,NA,Small
56,B,Small,E16_T1_26,Plug,High,R23T,1,Early,19,32,NA,1,3,4,197,0,25,60.14,NA,Big
176,D,Small,E03_T1_35,Plug,High,R23T,2,Early,19,39,NA,1,5,6,32,0,26,56.64,NA,Small
186,D,Small,E03_T1_35,Plug,Low,R24T,1,Early,19,202,NA,1,12,14,437,1,28,96.14,NA,Small
180,D,Small,E03_T1_35,Plug,High,R25B,1,Early,20,5,NA,1,6,7,257,0,27,39.63,NA,Small
251,L,Big,E16_23,Pot,High,R25B,NA,Late,20,NA,0,1,0,1,216,0,NA,NA,NA,Small
248,L,Big,E16_23,Pot,High,R23T,NA,Late,20,NA,0,1,0,1,218,0,NA,NA,NA,Small
107,H,Big,E16_07,Pot,High,R25B,NA,Late,20,NA,0,1,0,1,315,0,NA,NA,NA,Big
204,K,Big,E16_06,Pot,High,R25B,NA,Late,20,NA,1,1,3,4,232,2,NA,NA,NA,Small
59,B,Small,E16_T1_26,Plug,High,R25B,1,Early,21,14,NA,1,3,4,192,0,20,46.22,NA,Big
58,B,Small,E16_T1_26,Plug,High,R25B,2,Early,21,25,NA,1,3,4,189,1,16,51.04,NA,Big
4,I,Big,E16_20,Pot,High,R24B,NA,Late,21,NA,2,1,1,2,197,3,NA,NA,NA,Big
155,A,Small,E03_T1_29,Plug,High,R25B,NA,Late,21,NA,1,1,4,5,182,0,NA,NA,NA,Small
154,A,Small,E03_T1_29,Plug,High,R25B,1,Early,22,0,NA,1,6,7,26,0,24,35.1,NA,Small
172,D,Small,E03_T1_35,Plug,High,R24B,1,Early,22,1,NA,1,0,1,212,0,26,41.31,NA,Small
177,D,Small,E03_T1_35,Plug,High,R23T,1,Early,22,19,NA,1,7,8,289,0,24,32.58,NA,Small
288,F,Small,E03_06,Pot,Low,R25T,1,Early,22,117,NA,1,6,7,45,7,45,83.29,NA,Small
149,A,Small,E03_T1_29,Plug,High,R24B,NA,Late,22,NA,1,1,1,2,18,1,NA,NA,NA,Small
179,D,Small,E03_T1_35,Plug,High,R25B,NA,Late,22,NA,0,1,2,3,199,0,NA,NA,NA,Small
66,B,Small,E16_T1_26,Plug,Low,R24T,2,Early,24,211,NA,1,10,11,30,1,40,112.08,NA,Big
174,D,Small,E03_T1_35,Plug,High,R24B,NA,Late,24,NA,0,1,0,1,206,1,NA,NA,NA,Small
11,I,Big,E16_20,Pot,High,R25B,NA,Late,24,NA,1,1,2,3,22,1,NA,NA,NA,Big
34,E,Small,E16_T1_30,Plug,High,R25B,NA,Late,24,NA,0,1,2,3,126,0,NA,NA,NA,Big
148,A,Small,E03_T1_29,Plug,High,R24B,NA,Late,24,NA,0,1,3,4,16,0,NA,NA,NA,Small
178,D,Small,E03_T1_35,Plug,High,R25B,NA,Late,26,NA,0,1,3,4,194,0,NA,NA,NA,Small
45,E,Small,E16_T1_30,Plug,Low,R20B,1,Early,27,133,NA,1,5,6,474,0,39,85.43,NA,Big
82,J,Big,E16_19,Pot,High,R25B,NA,Late,27,NA,0,1,1,2,204,0,NA,NA,NA,Big
203,K,Big,E16_06,Pot,High,R25B,NA,Late,27,NA,1,1,2,3,286,0,NA,NA,NA,Small
199,K,Big,E16_06,Pot,High,R23T,NA,Late,27,NA,1,1,3,4,233,0,NA,NA,NA,Small
245,L,Big,E16_23,Pot,High,R24B,NA,Late,27,NA,0,1,4,5,236,0,NA,NA,NA,Small
71,B,Small,E16_T1_26,Plug,Low,R25T,2,Early,28,362,NA,6,9,34,327,0,55,125.14,NA,Big
84,J,Big,E16_19,Pot,High,R25B,NA,Late,28,NA,0,1,0,1,208,1,NA,NA,NA,Big
247,L,Big,E16_23,Pot,High,R23T,NA,Late,28,NA,0,1,3,4,224,1,NA,NA,NA,Small
202,K,Big,E16_06,Pot,High,R25B,NA,Late,29,NA,0,1,2,3,259,1,NA,NA,NA,Small
81,J,Big,E16_19,Pot,High,R23T,NA,Late,30,NA,1,1,1,2,23,0,NA,NA,NA,Big
126,C,Small,E03_04,Pot,High,R24B,NA,Late,30,NA,1,1,1,2,237,0,NA,NA,NA,Big
146,A,Small,E03_T1_29,Plug,High,R21T,NA,Late,30,NA,0,1,4,5,227,1,NA,NA,NA,Small
108,H,Big,E16_07,Pot,High,R25B,NA,Late,30,NA,0,1,4,5,317,1,NA,NA,NA,Big
43,E,Small,E16_T1_30,Plug,Low,R20B,1,Early,31,116,NA,1,6,7,50,0,46,79,NA,Big
83,J,Big,E16_19,Pot,High,R25B,NA,Late,31,NA,0,1,0,1,212,0,NA,NA,NA,Big
272,F,Small,E03_06,Pot,High,R23T,NA,Late,31,NA,0,1,2,3,207,1,NA,NA,NA,Small
172,D,Small,E03_T1_35,Plug,High,R24B,NA,Late,31,NA,0,1,2,3,215,0,NA,NA,NA,Small
131,C,Small,E03_04,Pot,High,R25B,NA,Late,31,NA,3,1,5,6,208,2,NA,NA,NA,Big
54,B,Small,E16_T1_26,Plug,High,R24B,1,Early,32,13,NA,1,2,3,244,0,20,35.38,NA,Big
284,F,Small,E03_06,Pot,Low,R20B,1,Early,32,79,NA,1,3,4,386,0,34,71.85,NA,Small
286,F,Small,E03_06,Pot,Low,R25T,1,Early,32,79,NA,1,7,8,451,4,40,84.07,NA,Small
65,B,Small,E16_T1_26,Plug,Low,R24T,1,Early,33,168,NA,1,10,11,312,2,33,94.81,NA,Big
274,F,Small,E03_06,Pot,High,R25B,NA,Late,33,NA,0,1,0,1,285,1,NA,NA,NA,Small
173,D,Small,E03_T1_35,Plug,High,R24B,NA,Late,33,NA,0,1,6,7,226,0,NA,NA,NA,Small
164,A,Small,E03_T1_29,Plug,Low,R20B,1,Early,34,241,NA,1,14,28,404,0,46,98.98,NA,Small
25,E,Small,E16_T1_30,Plug,High,R21T,NA,Late,34,NA,1,1,1,2,25,1,NA,NA,NA,Big
268,F,Small,E03_06,Pot,High,R24B,NA,Late,34,NA,1,1,2,3,20,1,NA,NA,NA,Small
98,H,Big,E16_07,Pot,High,R21T,NA,Late,34,NA,3,1,3,4,408,0,NA,NA,NA,Big
243,L,Big,E16_23,Pot,High,R21T,NA,Late,34,NA,0,1,4,5,266,3,NA,NA,NA,Small
285,F,Small,E03_06,Pot,Low,R20B,2,Early,35,137,NA,1,5,6,469,0,47,81.93,NA,Small
57,B,Small,E16_T1_26,Plug,High,R23T,NA,Late,35,NA,0,1,3,4,171,0,NA,NA,NA,Big
200,K,Big,E16_06,Pot,High,R23T,NA,Late,35,NA,0,1,3,4,293,0,NA,NA,NA,Small
195,K,Big,E16_06,Pot,High,R21T,NA,Late,35,NA,0,1,4,5,283,4,NA,NA,NA,Small
153,A,Small,E03_T1_29,Plug,High,R23T,NA,Late,35,NA,0,1,6,7,244,1,NA,NA,NA,Small
5,I,Big,E16_20,Pot,High,R24B,NA,Late,35,NA,2,2,3,5,29,5,NA,NA,NA,Big
28,E,Small,E16_T1_30,Plug,High,R24B,NA,Late,35,NA,0,2,3,5,224,1,NA,NA,NA,Big
283,F,Small,E03_06,Pot,Low,R20B,1,Early,36,79,NA,1,2,3,423,0,38,79.99,NA,Small
188,D,Small,E03_T1_35,Plug,Low,R20B,1,Early,36,185,NA,1,8,19,482,0,43,87.71,NA,Small
187,D,Small,E03_T1_35,Plug,Low,R20B,1,Early,36,193,NA,2,9,11,467,0,47,93.31,NA,Small
79,J,Big,E16_19,Pot,High,R23T,NA,Late,36,NA,0,1,0,1,275,0,NA,NA,NA,Big
197,K,Big,E16_06,Pot,High,R24B,NA,Late,36,NA,0,1,4,5,296,0,NA,NA,NA,Small
156,A,Small,E03_T1_29,Plug,High,R25B,NA,Late,36,NA,0,1,7,8,256,1,NA,NA,NA,Small
134,C,Small,E03_04,Pot,Low,R21B,1,Early,37,178,NA,1,9,12,399,7,48,112.82,NA,Big
271,F,Small,E03_06,Pot,High,R23T,NA,Late,37,NA,1,1,3,4,227,0,NA,NA,NA,Small
196,K,Big,E16_06,Pot,High,R24B,NA,Late,37,NA,1,1,3,4,318,1,NA,NA,NA,Small
270,F,Small,E03_06,Pot,High,R24B,NA,Late,37,NA,0,1,4,5,291,0,NA,NA,NA,Small
167,A,Small,E03_T1_29,Plug,Low,R25T,1,Early,38,193,NA,4,6,25,459,0,37,104.99,NA,Small
244,L,Big,E16_23,Pot,High,R24B,NA,Late,38,NA,1,1,3,4,257,0,NA,NA,NA,Small
269,F,Small,E03_06,Pot,High,R24B,NA,Late,38,NA,1,1,4,5,24,1,NA,NA,NA,Small
154,A,Small,E03_T1_29,Plug,High,R25B,NA,Late,38,NA,0,1,5,6,263,0,NA,NA,NA,Small
61,B,Small,E16_T1_26,Plug,Low,R21B,1,Early,39,163,NA,2,10,14,294,6,44,100.62,NA,Big
190,D,Small,E03_T1_35,Plug,Low,R25T,2,Early,39,303,NA,2,15,32,355,0,49,117.87,NA,Small
59,B,Small,E16_T1_26,Plug,High,R25B,NA,Late,39,NA,0,1,2,5,192,2,NA,NA,NA,Big
171,D,Small,E03_T1_35,Plug,High,R21T,NA,Late,39,NA,0,1,7,8,248,2,NA,NA,NA,Small
41,E,Small,E16_T1_30,Plug,Low,R24T,1,Early,40,287,NA,1,10,11,429,4,20,103.63,NA,Big
35,E,Small,E16_T1_30,Plug,High,R25B,NA,Late,40,NA,0,1,3,4,239,2,NA,NA,NA,Big
32,E,Small,E16_T1_30,Plug,High,R23T,NA,Late,41,NA,2,1,3,4,224,2,NA,NA,NA,Big
128,C,Small,E03_04,Pot,High,R23T,NA,Late,41,NA,0,1,4,7,219,1,NA,NA,NA,Big
36,E,Small,E16_T1_30,Plug,High,R25B,NA,Late,42,NA,1,1,3,4,258,0,NA,NA,NA,Big
157,A,Small,E03_T1_29,Plug,Low,R21B,1,Early,43,129,NA,2,11,13,357,0,30,80.56,NA,Small
142,C,Small,E03_04,Pot,Low,R25T,2,Early,44,195,NA,3,7,24,366,17,58,116.55,NA,Big
177,D,Small,E03_T1_35,Plug,High,R23T,NA,Late,44,NA,0,1,5,6,286,1,NA,NA,NA,Small
133,C,Small,E03_04,Pot,Low,R21B,2,Early,45,22,NA,1,11,12,266,0,33,87.28,NA,Big
223,G,Big,E16_04,Pot,High,R23T,NA,Late,45,NA,0,1,4,5,321,0,NA,NA,NA,Small
180,D,Small,E03_T1_35,Plug,High,R25B,NA,Late,45,NA,0,2,7,9,263,1,NA,NA,NA,Small
58,B,Small,E16_T1_26,Plug,High,R25B,NA,Late,46,NA,0,1,3,4,19,0,NA,NA,NA,Big
7,I,Big,E16_20,Pot,High,R23T,NA,Late,46,NA,0,1,4,5,315,21,NA,NA,NA,Big
127,C,Small,E03_04,Pot,High,R23T,NA,Late,46,NA,0,1,6,7,257,0,NA,NA,NA,Big
141,C,Small,E03_04,Pot,Low,R20B,2,Early,47,40,NA,1,9,10,184,2,37,75.63,NA,Big
159,A,Small,E03_T1_29,Plug,Low,R21B,1,Early,47,155,NA,1,13,14,402,0,31,87.15,NA,Small
106,H,Big,E16_07,Pot,High,R25B,NA,Late,47,NA,8,1,3,14,483,10,NA,NA,NA,Big
137,C,Small,E03_04,Pot,Low,R24T,2,Early,48,127,NA,1,11,12,364,0,36,89.5,NA,Big
165,A,Small,E03_T1_29,Plug,Low,R20B,1,Early,48,208,NA,1,11,12,459,0,32,97.09,NA,Small
249,L,Big,E16_23,Pot,High,R23T,NA,Late,48,NA,21,1,5,15,341,40,NA,NA,NA,Small
31,E,Small,E16_T1_30,Plug,High,R23T,NA,Late,49,NA,0,1,2,3,283,2,NA,NA,NA,Big
175,D,Small,E03_T1_35,Plug,High,R23T,2,Early,50,72,NA,1,10,11,384,0,28,74.75,NA,Small
33,E,Small,E16_T1_30,Plug,High,R23T,NA,Late,50,NA,2,1,2,3,295,0,NA,NA,NA,Big
132,C,Small,E03_04,Pot,High,R25B,NA,Late,50,NA,1,1,5,7,235,3,NA,NA,NA,Big
275,F,Small,E03_06,Pot,High,R25B,NA,Late,52,NA,2,1,3,4,261,6,NA,NA,NA,Small
105,H,Big,E16_07,Pot,High,R23T,NA,Late,52,NA,4,1,5,15,463,5,NA,NA,NA,Big
123,C,Small,E03_04,Pot,High,R21T,NA,Late,52,NA,8,1,8,9,253,2,NA,NA,NA,Big
225,G,Big,E16_04,Pot,High,R23T,NA,Late,53,NA,0,1,5,6,324,0,NA,NA,NA,Small
125,C,Small,E03_04,Pot,High,R24B,NA,Late,53,NA,1,1,5,9,271,1,NA,NA,NA,Big
273,F,Small,E03_06,Pot,High,R23T,NA,Late,54,NA,0,1,3,4,248,2,NA,NA,NA,Small
201,K,Big,E16_06,Pot,High,R23T,NA,Late,54,NA,1,1,3,4,325,0,NA,NA,NA,Small
181,D,Small,E03_T1_35,Plug,Low,R21B,2,Early,55,186,NA,1,13,18,366,4,39,90.92,NA,Small
9,I,Big,E16_20,Pot,High,R23T,NA,Late,55,NA,0,1,5,8,313,0,NA,NA,NA,Big
152,A,Small,E03_T1_29,Plug,High,R23T,NA,Late,56,NA,1,1,4,5,288,1,NA,NA,NA,Small
54,B,Small,E16_T1_26,Plug,High,R24B,NA,Late,56,NA,0,3,4,9,246,0,NA,NA,NA,Big
1,I,Big,E16_20,Pot,High,R21T,1,Early,57,28,NA,1,4,5,372,0,35,NA,Y,Big
158,A,Small,E03_T1_29,Plug,Low,R21B,1,Early,58,138,NA,2,11,13,377,0,31,93.43,NA,Small
189,D,Small,E03_T1_35,Plug,Low,R20B,2,Early,61,212,NA,1,11,29,471,0,39,89.1,NA,Small
56,B,Small,E16_T1_26,Plug,High,R23T,NA,Late,61,NA,1,1,3,4,195,2,NA,NA,NA,Big
194,K,Big,E16_06,Pot,High,R21T,NA,Late,61,NA,0,1,4,5,408,3,NA,NA,NA,Small
29,E,Small,E16_T1_30,Plug,High,R24B,NA,Late,62,NA,2,1,2,3,316,1,NA,NA,NA,Big
276,F,Small,E03_06,Pot,High,R25B,NA,Late,62,NA,3,1,4,5,356,5,NA,NA,NA,Small
138,C,Small,E03_04,Pot,Low,R24T,2,Early,64,160,NA,1,11,12,411,0,31,95.43,NA,Big
72,B,Small,E16_T1_26,Plug,Low,R25T,1,Early,64,298,NA,5,9,26,334,2,65,109.23,NA,Big
80,J,Big,E16_19,Pot,High,R23T,NA,Late,66,NA,0,1,3,4,334,1,NA,NA,NA,Big
22,I,Big,E16_20,Pot,Low,R25T,NA,Late,66,NA,24,1,6,21,171,25,NA,NA,NA,Big
213,K,Big,E16_06,Pot,Low,R20B,NA,Late,67,NA,8,1,9,34,9,8,NA,NA,NA,Small
121,C,Small,E03_04,Pot,High,R21T,NA,Late,68,NA,4,1,3,4,325,0,NA,NA,NA,Big
75,J,Big,E16_19,Pot,High,R21T,NA,Late,68,NA,0,1,6,7,322,0,NA,NA,NA,Big
241,L,Big,E16_23,Pot,High,R21T,NA,Late,69,NA,1,1,5,6,352,4,NA,NA,NA,Small
226,G,Big,E16_04,Pot,High,R25B,NA,Late,70,NA,17,1,4,10,273,14,NA,NA,NA,Small
150,A,Small,E03_T1_29,Plug,High,R24B,NA,Late,70,NA,0,1,6,7,357,3,NA,NA,NA,Small
122,C,Small,E03_04,Pot,High,R21T,NA,Late,73,NA,0,1,10,11,263,1,NA,NA,NA,Big
103,H,Big,E16_07,Pot,High,R23T,NA,Late,75,NA,4,1,7,10,48,17,NA,NA,NA,Big
44,E,Small,E16_T1_30,Plug,Low,R20B,1,Early,77,152,NA,1,6,7,625,0,39,93.76,NA,Big
67,B,Small,E16_T1_26,Plug,Low,R20B,1,Early,79,195,NA,1,11,12,296,3,51,92.41,NA,Big
163,A,Small,E03_T1_29,Plug,Low,R20B,2,Early,79,251,NA,1,11,25,481,1,43,92.17,NA,Small
140,C,Small,E03_04,Pot,Low,R20B,1,Early,81,94,NA,1,8,10,385,0,43,96.38,NA,Big
176,D,Small,E03_T1_35,Plug,High,R23T,NA,Late,82,NA,0,1,7,12,324,2,NA,NA,NA,Small
1,I,Big,E16_20,Pot,High,R21T,NA,Late,84,NA,2,2,3,6,372,0,NA,NA,NA,Big
193,K,Big,E16_06,Pot,High,R21T,NA,Late,85,NA,0,1,5,6,382,2,NA,NA,NA,Small
70,B,Small,E16_T1_26,Plug,Low,R25T,1,Early,86,126,NA,2,11,13,259,1,55,110.16,NA,Big
136,C,Small,E03_04,Pot,Low,R24T,1,Early,87,167,NA,2,11,16,384,0,43,99.07,NA,Big
27,E,Small,E16_T1_30,Plug,High,R21T,NA,Late,87,NA,2,1,5,6,381,3,NA,NA,NA,Big
206,K,Big,E16_06,Pot,Low,R21B,NA,Late,91,NA,0,1,4,5,355,0,NA,NA,NA,Small
89,J,Big,E16_19,Pot,Low,R24T,NA,Late,91,NA,0,1,6,8,397,0,NA,NA,NA,Big
207,K,Big,E16_06,Pot,Low,R21B,NA,Late,98,NA,12,1,10,15,375,1,NA,NA,NA,Small
168,A,Small,E03_T1_29,Plug,Low,R25T,1,Early,99,148,NA,5,7,34,46,0,41,96.56,NA,Small
151,A,Small,E03_T1_29,Plug,High,R23T,NA,Late,100,NA,0,1,8,9,334,3,NA,NA,NA,Small
170,D,Small,E03_T1_35,Plug,High,R21T,NA,Late,103,NA,0,1,13,20,34,2,NA,NA,NA,Small
87,J,Big,E16_19,Pot,Low,R21B,NA,Late,108,NA,6,1,3,4,41,0,NA,NA,NA,Big
230,G,Big,E16_04,Pot,Low,R21B,NA,Late,118,NA,3,1,8,15,396,0,NA,NA,NA,Small
110,H,Big,E16_07,Pot,Low,R21B,NA,Late,119,NA,9,1,5,7,615,1,NA,NA,NA,Big
183,D,Small,E03_T1_35,Plug,Low,R21B,NA,Late,121,NA,5,1,7,15,368,1,NA,NA,NA,Small
115,H,Big,E16_07,Pot,Low,R20B,NA,Late,122,NA,15,1,7,15,465,1,NA,NA,NA,Big
13,I,Big,E16_20,Pot,Low,R21B,NA,Late,125,NA,6,1,6,11,352,0,NA,NA,NA,Big
254,L,Big,E16_23,Pot,Low,R21B,NA,Late,125,NA,0,1,7,10,37,0,NA,NA,NA,Small
210,K,Big,E16_06,Pot,Low,R24T,NA,Late,137,NA,1,2,9,15,411,6,NA,NA,NA,Small
144,C,Small,E03_04,Pot,Low,R25T,1,Early,138,124,NA,1,9,18,394,4,53,93.6,NA,Big
135,C,Small,E03_04,Pot,Low,R21B,NA,Late,143,NA,4,2,9,10,327,0,NA,NA,NA,Big
265,F,Small,E03_06,Pot,High,R21T,NA,Late,144,NA,0,1,8,10,443,4,NA,NA,NA,Small
139,C,Small,E03_04,Pot,Low,R20B,1,Early,147,61,NA,3,8,17,326,0,38,70,NA,Big
161,A,Small,E03_T1_29,Plug,Low,R24T,NA,Late,149,NA,0,2,13,16,409,1,NA,NA,NA,Small
39,E,Small,E16_T1_30,Plug,Low,R21B,NA,Late,151,NA,17,5,8,17,417,7,NA,NA,NA,Big
69,B,Small,E16_T1_26,Plug,Low,R20B,NA,Late,153,NA,1,1,7,14,287,1,NA,NA,NA,Big
133,C,Small,E03_04,Pot,Low,R21B,NA,Late,155,NA,0,4,11,24,26,1,NA,NA,NA,Big
175,D,Small,E03_T1_35,Plug,High,R23T,NA,Late,156,NA,0,1,10,21,392,3,NA,NA,NA,Small
256,L,Big,E16_23,Pot,Low,R24T,NA,Late,157,NA,3,1,6,13,375,1,NA,NA,NA,Small
238,G,Big,E16_04,Pot,Low,R25T,NA,Late,159,NA,6,1,6,8,349,2,NA,NA,NA,Small
26,E,Small,E16_T1_30,Plug,High,R21T,NA,Late,161,NA,8,1,8,11,454,5,NA,NA,NA,Big
113,H,Big,E16_07,Pot,Low,R24T,NA,Late,164,NA,4,1,7,10,599,1,NA,NA,NA,Big
3,I,Big,E16_20,Pot,High,R21T,NA,Late,167,NA,2,1,4,11,391,5,NA,NA,NA,Big
255,L,Big,E16_23,Pot,Low,R21B,NA,Late,172,NA,2,1,10,19,374,16,NA,NA,NA,Small
260,L,Big,E16_23,Pot,Low,R20B,NA,Late,172,NA,92,2,8,56,39,0,NA,NA,NA,Small
182,D,Small,E03_T1_35,Plug,Low,R21B,NA,Late,174,NA,1,2,17,19,441,3,NA,NA,NA,Small
229,G,Big,E16_04,Pot,Low,R21B,NA,Late,175,NA,4,1,8,18,411,0,NA,NA,NA,Small
278,F,Small,E03_06,Pot,Low,R21B,NA,Late,176,NA,2,1,6,11,485,12,NA,NA,NA,Small
267,F,Small,E03_06,Pot,High,R21T,NA,Late,177,NA,2,1,7,11,433,1,NA,NA,NA,Small
62,B,Small,E16_T1_26,Plug,Low,R21B,NA,Late,179,NA,4,3,8,17,273,2,NA,NA,NA,Big
205,K,Big,E16_06,Pot,Low,R21B,NA,Late,183,NA,1,1,6,18,481,1,NA,NA,NA,Small
277,F,Small,E03_06,Pot,Low,R21B,NA,Late,184,NA,12,1,9,17,444,0,NA,NA,NA,Small
235,G,Big,E16_04,Pot,Low,R20B,NA,Late,185,NA,3,1,9,16,422,4,NA,NA,NA,Small
214,K,Big,E16_06,Pot,Low,R25T,NA,Late,185,NA,9,4,5,16,24,19,NA,NA,NA,Small
114,H,Big,E16_07,Pot,Low,R24T,NA,Late,188,NA,1,1,8,13,588,3,NA,NA,NA,Big
212,K,Big,E16_06,Pot,Low,R20B,NA,Late,192,NA,2,1,8,21,316,0,NA,NA,NA,Small
109,H,Big,E16_07,Pot,Low,R21B,NA,Late,197,NA,4,1,5,20,735,1,NA,NA,NA,Big
19,I,Big,E16_20,Pot,Low,R20B,NA,Late,198,NA,6,1,9,27,22,41,NA,NA,NA,Big
233,G,Big,E16_04,Pot,Low,R24T,NA,Late,206,NA,0,1,10,18,36,1,NA,NA,NA,Small
231,G,Big,E16_04,Pot,Low,R21B,NA,Late,206,NA,16,2,9,20,408,0,NA,NA,NA,Small
157,A,Small,E03_T1_29,Plug,Low,R21B,NA,Late,206,NA,6,3,10,18,455,0,NA,NA,NA,Small
23,I,Big,E16_20,Pot,Low,R25T,NA,Late,207,NA,3,3,7,17,437,10,NA,NA,NA,Big
137,C,Small,E03_04,Pot,Low,R24T,NA,Late,208,NA,10,3,10,18,366,12,NA,NA,NA,Big
94,J,Big,E16_19,Pot,Low,R25T,NA,Late,214,NA,5,1,10,12,451,1,NA,NA,NA,Big
216,K,Big,E16_06,Pot,Low,R25T,NA,Late,218,NA,3,3,7,11,432,9,NA,NA,NA,Small
63,B,Small,E16_T1_26,Plug,Low,R21B,NA,Late,220,NA,21,2,6,17,39,10,NA,NA,NA,Big
86,J,Big,E16_19,Pot,Low,R21B,NA,Late,220,NA,6,3,7,7,47,1,NA,NA,NA,Big
284,F,Small,E03_06,Pot,Low,R20B,NA,Late,223,NA,6,1,6,12,427,32,NA,NA,NA,Small
38,E,Small,E16_T1_30,Plug,Low,R21B,NA,Late,223,NA,15,3,7,18,388,8,NA,NA,NA,Big
119,H,Big,E16_07,Pot,Low,R25T,NA,Late,224,NA,14,1,7,17,572,2,NA,NA,NA,Big
111,H,Big,E16_07,Pot,Low,R21B,NA,Late,225,NA,25,1,6,35,66,5,NA,NA,NA,Big
91,J,Big,E16_19,Pot,Low,R20B,NA,Late,225,NA,2,6,7,26,366,0,NA,NA,NA,Big
140,C,Small,E03_04,Pot,Low,R20B,NA,Late,225,NA,1,6,9,26,389,1,NA,NA,NA,Big
42,E,Small,E16_T1_30,Plug,Low,R24T,NA,Late,226,NA,6,5,6,12,451,0,NA,NA,NA,Big
239,G,Big,E16_04,Pot,Low,R25T,NA,Late,227,NA,7,3,8,11,384,15,NA,NA,NA,Small
141,C,Small,E03_04,Pot,Low,R20B,NA,Late,227,NA,4,3,9,19,175,5,NA,NA,NA,Big
286,F,Small,E03_06,Pot,Low,R25T,NA,Late,229,NA,2,1,5,10,50,4,NA,NA,NA,Small
16,I,Big,E16_20,Pot,Low,R24T,NA,Late,233,NA,10,1,7,18,43,0,NA,NA,NA,Big
236,G,Big,E16_04,Pot,Low,R20B,NA,Late,236,NA,0,1,7,27,348,3,NA,NA,NA,Small
280,F,Small,E03_06,Pot,Low,R24T,NA,Late,243,NA,11,5,8,21,474,4,NA,NA,NA,Small
282,F,Small,E03_06,Pot,Low,R24T,NA,Late,247,NA,5,1,9,18,471,7,NA,NA,NA,Small
70,B,Small,E16_T1_26,Plug,Low,R25T,NA,Late,247,NA,9,2,11,31,267,5,NA,NA,NA,Big
258,L,Big,E16_23,Pot,Low,R24T,NA,Late,248,NA,2,2,8,25,382,1,NA,NA,NA,Small
191,D,Small,E03_T1_35,Plug,Low,R25T,NA,Late,248,NA,1,2,10,21,249,17,NA,NA,NA,Small
139,C,Small,E03_04,Pot,Low,R20B,NA,Late,249,NA,1,4,7,39,331,5,NA,NA,NA,Big
18,I,Big,E16_20,Pot,Low,R24T,NA,Late,250,NA,2,2,4,19,445,1,NA,NA,NA,Big
287,F,Small,E03_06,Pot,Low,R25T,NA,Late,251,NA,4,1,6,11,395,14,NA,NA,NA,Small
90,J,Big,E16_19,Pot,Low,R24T,NA,Late,254,NA,0,1,8,16,456,0,NA,NA,NA,Big
237,G,Big,E16_04,Pot,Low,R20B,NA,Late,258,NA,0,2,5,20,436,2,NA,NA,NA,Small
215,K,Big,E16_06,Pot,Low,R25T,NA,Late,258,NA,8,2,7,22,38,14,NA,NA,NA,Small
262,L,Big,E16_23,Pot,Low,R25T,NA,Late,259,NA,15,1,7,18,423,0,NA,NA,NA,Small
211,K,Big,E16_06,Pot,Low,R20B,NA,Late,262,NA,6,3,8,23,41,46,NA,NA,NA,Small
208,K,Big,E16_06,Pot,Low,R24T,NA,Late,263,NA,1,2,5,22,441,7,NA,NA,NA,Small
136,C,Small,E03_04,Pot,Low,R24T,NA,Late,265,NA,8,3,9,23,389,9,NA,NA,NA,Big
288,F,Small,E03_06,Pot,Low,R25T,NA,Late,268,NA,0,1,7,8,471,6,NA,NA,NA,Small
159,A,Small,E03_T1_29,Plug,Low,R21B,NA,Late,270,NA,1,2,13,25,425,1,NA,NA,NA,Small
160,A,Small,E03_T1_29,Plug,Low,R24T,NA,Late,270,NA,6,4,14,28,461,0,NA,NA,NA,Small
184,D,Small,E03_T1_35,Plug,Low,R24T,NA,Late,270,NA,0,5,11,31,45,1,NA,NA,NA,Small
263,L,Big,E16_23,Pot,Low,R25T,NA,Late,271,NA,1,2,7,9,406,5,NA,NA,NA,Small
61,B,Small,E16_T1_26,Plug,Low,R21B,NA,Late,274,NA,13,4,10,27,296,13,NA,NA,NA,Big
24,I,Big,E16_20,Pot,Low,R25T,NA,Late,278,NA,58,3,6,70,328,0,NA,NA,NA,Big
257,L,Big,E16_23,Pot,Low,R24T,NA,Late,281,NA,0,1,9,24,417,2,NA,NA,NA,Small
192,D,Small,E03_T1_35,Plug,Low,R25T,NA,Late,281,NA,13,3,12,29,376,2,NA,NA,NA,Small
209,K,Big,E16_06,Pot,Low,R24T,NA,Late,282,NA,3,1,8,26,431,1,NA,NA,NA,Small
65,B,Small,E16_T1_26,Plug,Low,R24T,NA,Late,282,NA,0,2,10,23,316,1,NA,NA,NA,Big
144,C,Small,E03_04,Pot,Low,R25T,NA,Late,283,NA,11,3,9,21,39,6,NA,NA,NA,Big
67,B,Small,E16_T1_26,Plug,Low,R20B,NA,Late,284,NA,0,1,11,25,303,5,NA,NA,NA,Big
120,H,Big,E16_07,Pot,Low,R25T,NA,Late,284,NA,23,3,6,24,641,5,NA,NA,NA,Big
116,H,Big,E16_07,Pot,Low,R20B,NA,Late,287,NA,19,2,7,31,657,43,NA,NA,NA,Big
92,J,Big,E16_19,Pot,Low,R20B,NA,Late,289,NA,9,1,5,27,245,0,NA,NA,NA,Big
166,A,Small,E03_T1_29,Plug,Low,R25T,NA,Late,291,NA,3,1,11,16,393,8,NA,NA,NA,Small
93,J,Big,E16_19,Pot,Low,R20B,NA,Late,297,NA,7,1,5,20,59,1,NA,NA,NA,Big
261,L,Big,E16_23,Pot,Low,R20B,NA,Late,306,NA,0,1,9,24,417,2,NA,NA,NA,Small
40,E,Small,E16_T1_30,Plug,Low,R24T,NA,Late,306,NA,4,4,7,19,431,0,NA,NA,NA,Big
45,E,Small,E16_T1_30,Plug,Low,R20B,NA,Late,307,NA,3,2,9,16,519,17,NA,NA,NA,Big
234,G,Big,E16_04,Pot,Low,R24T,NA,Late,307,NA,11,4,10,23,449,13,NA,NA,NA,Small
48,E,Small,E16_T1_30,Plug,Low,R25T,NA,Late,309,NA,8,1,6,18,386,26,NA,NA,NA,Big
264,L,Big,E16_23,Pot,Low,R25T,NA,Late,309,NA,12,1,8,16,463,29,NA,NA,NA,Small
142,C,Small,E03_04,Pot,Low,R25T,NA,Late,311,NA,0,5,7,39,464,36,NA,NA,NA,Big
138,C,Small,E03_04,Pot,Low,R24T,NA,Late,311,NA,0,7,10,37,414,3,NA,NA,NA,Big
37,E,Small,E16_T1_30,Plug,Low,R21B,NA,Late,312,NA,3,3,9,25,404,4,NA,NA,NA,Big
134,C,Small,E03_04,Pot,Low,R21B,NA,Late,312,NA,0,3,9,31,401,3,NA,NA,NA,Big
118,H,Big,E16_07,Pot,Low,R25T,NA,Late,312,NA,86,5,7,82,699,7,NA,NA,NA,Big
66,B,Small,E16_T1_26,Plug,Low,R24T,NA,Late,316,NA,1,3,10,29,298,0,NA,NA,NA,Big
112,H,Big,E16_07,Pot,Low,R24T,NA,Late,318,NA,3,1,8,24,617,1,NA,NA,NA,Big
68,B,Small,E16_T1_26,Plug,Low,R20B,NA,Late,318,NA,0,3,8,31,278,1,NA,NA,NA,Big
88,J,Big,E16_19,Pot,Low,R24T,NA,Late,319,NA,6,1,13,30,458,1,NA,NA,NA,Big
95,J,Big,E16_19,Pot,Low,R25T,NA,Late,320,NA,5,1,13,17,345,57,NA,NA,NA,Big
283,F,Small,E03_06,Pot,Low,R20B,NA,Late,320,NA,38,5,5,18,465,2,NA,NA,NA,Small
266,F,Small,E03_06,Pot,High,R21T,NA,Late,321,NA,2,3,10,24,412,9,NA,NA,NA,Small
240,G,Big,E16_04,Pot,Low,R25T,NA,Late,326,NA,31,3,13,28,401,45,NA,NA,NA,Small
46,E,Small,E16_T1_30,Plug,Low,R25T,NA,Late,333,NA,1,2,6,18,394,1,NA,NA,NA,Big
189,D,Small,E03_T1_35,Plug,Low,R20B,NA,Late,335,NA,3,3,11,37,471,5,NA,NA,NA,Small
167,A,Small,E03_T1_29,Plug,Low,R25T,NA,Late,337,NA,0,1,7,24,458,0,NA,NA,NA,Small
17,I,Big,E16_20,Pot,Low,R24T,NA,Late,353,NA,7,1,2,17,524,15,NA,NA,NA,Big
47,E,Small,E16_T1_30,Plug,Low,R25T,NA,Late,353,NA,11,2,9,22,469,8,NA,NA,NA,Big
187,D,Small,E03_T1_35,Plug,Low,R20B,NA,Late,353,NA,7,5,9,34,472,2,NA,NA,NA,Small
158,A,Small,E03_T1_29,Plug,Low,R21B,NA,Late,353,NA,1,6,11,37,381,0,NA,NA,NA,Small
253,L,Big,E16_23,Pot,Low,R21B,NA,Late,354,NA,13,4,13,30,411,2,NA,NA,NA,Small
117,H,Big,E16_07,Pot,Low,R20B,NA,Late,357,NA,30,1,8,55,481,107,NA,NA,NA,Big
181,D,Small,E03_T1_35,Plug,Low,R21B,NA,Late,360,NA,0,4,13,30,366,2,NA,NA,NA,Small
71,B,Small,E16_T1_26,Plug,Low,R25T,NA,Late,367,NA,1,4,9,16,328,9,NA,NA,NA,Big
281,F,Small,E03_06,Pot,Low,R24T,NA,Late,368,NA,71,4,7,19,516,2,NA,NA,NA,Small
43,E,Small,E16_T1_30,Plug,Low,R20B,NA,Late,369,NA,0,2,8,17,559,27,NA,NA,NA,Big
20,I,Big,E16_20,Pot,Low,R20B,NA,Late,371,NA,0,1,8,24,422,6,NA,NA,NA,Big
21,I,Big,E16_20,Pot,Low,R20B,NA,Late,376,NA,6,1,10,27,468,3,NA,NA,NA,Big
96,J,Big,E16_19,Pot,Low,R25T,NA,Late,378,NA,0,1,5,21,465,26,NA,NA,NA,Big
186,D,Small,E03_T1_35,Plug,Low,R24T,NA,Late,378,NA,0,7,12,31,452,0,NA,NA,NA,Small
185,D,Small,E03_T1_35,Plug,Low,R24T,NA,Late,381,NA,0,8,11,24,449,2,NA,NA,NA,Small
188,D,Small,E03_T1_35,Plug,Low,R20B,NA,Late,384,NA,1,5,8,39,486,8,NA,NA,NA,Small
279,F,Small,E03_06,Pot,Low,R21B,NA,Late,397,NA,16,4,9,25,476,5,NA,NA,NA,Small
165,A,Small,E03_T1_29,Plug,Low,R20B,NA,Late,406,NA,7,5,10,41,462,4,NA,NA,NA,Small
190,D,Small,E03_T1_35,Plug,Low,R25T,NA,Late,419,NA,11,2,19,37,354,10,NA,NA,NA,Small
164,A,Small,E03_T1_29,Plug,Low,R20B,NA,Late,425,NA,0,1,13,33,407,4,NA,NA,NA,Small
163,A,Small,E03_T1_29,Plug,Low,R20B,NA,Late,433,NA,0,5,11,30,479,4,NA,NA,NA,Small
162,A,Small,E03_T1_29,Plug,Low,R24T,NA,Late,435,NA,0,7,13,27,465,39,NA,NA,NA,Small
168,A,Small,E03_T1_29,Plug,Low,R25T,NA,Late,437,NA,4,5,7,30,456,1,NA,NA,NA,Small
85,J,Big,E16_19,Pot,Low,R21B,NA,Late,443,NA,0,1,8,28,501,0,NA,NA,NA,Big
285,F,Small,E03_06,Pot,Low,R20B,NA,Late,446,NA,16,8,7,34,489,4,NA,NA,NA,Small
44,E,Small,E16_T1_30,Plug,Low,R20B,NA,Late,472,NA,13,4,8,25,554,10,NA,NA,NA,Big
259,L,Big,E16_23,Pot,Low,R20B,NA,Late,477,NA,17,1,11,29,435,4,NA,NA,NA,Small
72,B,Small,E16_T1_26,Plug,Low,R25T,NA,Late,486,NA,1,4,9,36,325,2,NA,NA,NA,Big
41,E,Small,E16_T1_30,Plug,Low,R24T,NA,Late,499,NA,13,5,11,28,441,6,NA,NA,NA,Big
2,I,Big,E16_20,Pot,High,R21T,1,Early,NA,NA,NA,NA,NA,NA,NA,NA,NA,NA,NA,Big
4,I,Big,E16_20,Pot,High,R24B,1,Early,NA,NA,NA,NA,NA,NA,NA,NA,21,25.33,Y,Big
6,I,Big,E16_20,Pot,High,R24B,2,Early,NA,NA,NA,NA,NA,NA,NA,NA,NA,NA,NA,Big
7,I,Big,E16_20,Pot,High,R23T,2,Early,NA,NA,NA,NA,NA,NA,NA,NA,34,57.62,Y,Big
8,I,Big,E16_20,Pot,High,R23T,2,Early,NA,NA,NA,NA,NA,NA,NA,NA,31,38.05,Y,Big
9,I,Big,E16_20,Pot,High,R23T,2,Early,NA,NA,NA,NA,NA,NA,NA,NA,33,46.93,Y,Big
10,I,Big,E16_20,Pot,High,R25B,2,Early,NA,NA,NA,NA,NA,NA,NA,NA,42,38.89,NA,Big
11,I,Big,E16_20,Pot,High,R25B,1,Early,NA,NA,NA,NA,NA,NA,NA,NA,35,38.44,Y,Big
12,I,Big,E16_20,Pot,High,R25B,2,Early,NA,NA,NA,NA,NA,NA,NA,NA,36,46.79,Y,Big
13,I,Big,E16_20,Pot,Low,R21B,1,Early,NA,NA,NA,NA,NA,NA,NA,NA,51,78.1,Y,Big
14,I,Big,E16_20,Pot,Low,R21B,1,Early,NA,NA,NA,NA,NA,NA,NA,NA,47,63.01,Y,Big
15,I,Big,E16_20,Pot,Low,R21B,2,Early,NA,NA,NA,NA,NA,NA,NA,NA,NA,NA,NA,Big
16,I,Big,E16_20,Pot,Low,R24T,1,Early,NA,NA,NA,NA,NA,NA,NA,NA,48,82.32,Y,Big
49,B,Small,E16_T1_26,Plug,High,R21T,1,Early,NA,NA,NA,NA,NA,NA,NA,NA,NA,NA,NA,Big
50,B,Small,E16_T1_26,Plug,High,R21T,1,Early,NA,NA,NA,NA,NA,NA,NA,NA,NA,NA,NA,Big
51,B,Small,E16_T1_26,Plug,High,R21T,2,Early,NA,NA,NA,NA,NA,NA,NA,NA,8,7.11,Y,Big
64,B,Small,E16_T1_26,Plug,Low,R24T,1,Early,NA,NA,NA,NA,NA,NA,NA,NA,NA,NA,NA,Big
73,J,Big,E16_19,Pot,High,R21T,2,Early,NA,NA,NA,NA,NA,NA,NA,NA,NA,NA,NA,Big
74,J,Big,E16_19,Pot,High,R21T,2,Early,NA,NA,NA,NA,NA,NA,NA,NA,NA,NA,NA,Big
76,J,Big,E16_19,Pot,High,R24B,2,Early,NA,NA,NA,NA,NA,NA,NA,NA,NA,NA,NA,Big
97,H,Big,E16_07,Pot,High,R21T,1,Early,NA,NA,NA,NA,NA,NA,NA,NA,31,27.9,Y,Big
98,H,Big,E16_07,Pot,High,R21T,1,Early,NA,NA,NA,NA,NA,NA,NA,NA,34,37.1,Y,Big
99,H,Big,E16_07,Pot,High,R21T,2,Early,NA,NA,NA,NA,NA,NA,NA,NA,28,15.02,NA,Big
100,H,Big,E16_07,Pot,High,R24B,1,Early,NA,NA,NA,NA,NA,NA,NA,NA,27,24.83,Y,Big
101,H,Big,E16_07,Pot,High,R24B,2,Early,NA,NA,NA,NA,NA,NA,NA,NA,36,34.18,Y,Big
102,H,Big,E16_07,Pot,High,R24B,1,Early,NA,NA,NA,NA,NA,NA,NA,NA,26,26.11,Y,Big
104,H,Big,E16_07,Pot,High,R23T,2,Early,NA,NA,NA,NA,NA,NA,NA,NA,42,43.57,Y,Big
105,H,Big,E16_07,Pot,High,R23T,2,Early,NA,NA,NA,NA,NA,NA,NA,NA,43,39.77,Y,Big
106,H,Big,E16_07,Pot,High,R25B,2,Early,NA,NA,NA,NA,NA,NA,NA,NA,35,42.44,Y,Big
107,H,Big,E16_07,Pot,High,R25B,2,Early,NA,NA,NA,NA,NA,NA,NA,NA,37,38.34,Y,Big
115,H,Big,E16_07,Pot,Low,R20B,2,Early,NA,NA,NA,NA,NA,NA,NA,NA,40,67.77,Y,Big
143,C,Small,E03_04,Pot,Low,R25T,2,Early,NA,NA,NA,NA,NA,NA,NA,NA,NA,NA,NA,Big
145,A,Small,E03_T1_29,Plug,High,R21T,1,Early,NA,NA,NA,NA,NA,NA,NA,NA,NA,NA,NA,Small
147,A,Small,E03_T1_29,Plug,High,R21T,1,Early,NA,NA,NA,NA,NA,NA,NA,NA,9,12.88,NA,Small
195,K,Big,E16_06,Pot,High,R21T,1,Early,NA,NA,NA,NA,NA,NA,NA,NA,24,48.08,Y,Small
196,K,Big,E16_06,Pot,High,R24B,1,Early,NA,NA,NA,NA,NA,NA,NA,NA,26,35.52,Y,Small
198,K,Big,E16_06,Pot,High,R24B,1,Early,NA,NA,NA,NA,NA,NA,NA,NA,NA,NA,NA,Small
199,K,Big,E16_06,Pot,High,R23T,2,Early,NA,NA,NA,NA,NA,NA,NA,NA,32,38.14,Y,Small
200,K,Big,E16_06,Pot,High,R23T,1,Early,NA,NA,NA,NA,NA,NA,NA,NA,35,44.59,Y,Small
202,K,Big,E16_06,Pot,High,R25B,1,Early,NA,NA,NA,NA,NA,NA,NA,NA,43,40.85,Y,Small
203,K,Big,E16_06,Pot,High,R25B,2,Early,NA,NA,NA,NA,NA,NA,NA,NA,37,33.25,Y,Small
204,K,Big,E16_06,Pot,High,R25B,2,Early,NA,NA,NA,NA,NA,NA,NA,NA,36,32.97,Y,Small
217,G,Big,E16_04,Pot,High,R21T,2,Early,NA,NA,NA,NA,NA,NA,NA,NA,19,22.58,Y,Small
218,G,Big,E16_04,Pot,High,R21T,1,Early,NA,NA,NA,NA,NA,NA,NA,NA,28,37.78,Y,Small
219,G,Big,E16_04,Pot,High,R21T,2,Early,NA,NA,NA,NA,NA,NA,NA,NA,35,35.28,NA,Small
220,G,Big,E16_04,Pot,High,R24B,2,Early,NA,NA,NA,NA,NA,NA,NA,NA,41,35.95,Y,Small
221,G,Big,E16_04,Pot,High,R24B,1,Early,NA,NA,NA,NA,NA,NA,NA,NA,31,23.31,NA,Small
222,G,Big,E16_04,Pot,High,R24B,1,Early,NA,NA,NA,NA,NA,NA,NA,NA,23,23.33,NA,Small
223,G,Big,E16_04,Pot,High,R23T,2,Early,NA,NA,NA,NA,NA,NA,NA,NA,38,51,Y,Small
224,G,Big,E16_04,Pot,High,R23T,1,Early,NA,NA,NA,NA,NA,NA,NA,NA,38,33.14,Y,Small
225,G,Big,E16_04,Pot,High,R23T,1,Early,NA,NA,NA,NA,NA,NA,NA,NA,39,38.69,Y,Small
226,G,Big,E16_04,Pot,High,R25B,2,Early,NA,NA,NA,NA,NA,NA,NA,NA,39,44.2,Y,Small
227,G,Big,E16_04,Pot,High,R25B,1,Early,NA,NA,NA,NA,NA,NA,NA,NA,41,28.2,Y,Small
228,G,Big,E16_04,Pot,High,R25B,1,Early,NA,NA,NA,NA,NA,NA,NA,NA,36,31.14,Y,Small
232,G,Big,E16_04,Pot,Low,R24T,1,Early,NA,NA,NA,NA,NA,NA,NA,NA,NA,NA,NA,Small
242,L,Big,E16_23,Pot,High,R21T,1,Early,NA,NA,NA,NA,NA,NA,NA,NA,NA,NA,NA,Small
243,L,Big,E16_23,Pot,High,R21T,1,Early,NA,NA,NA,NA,NA,NA,NA,NA,30,34.72,Y,Small
245,L,Big,E16_23,Pot,High,R24B,2,Early,NA,NA,NA,NA,NA,NA,NA,NA,40,41.65,Y,Small
246,L,Big,E16_23,Pot,High,R24B,1,Early,NA,NA,NA,NA,NA,NA,NA,NA,34,28.01,Y,Small
247,L,Big,E16_23,Pot,High,R23T,1,Early,NA,NA,NA,NA,NA,NA,NA,NA,37,45.54,Y,Small
248,L,Big,E16_23,Pot,High,R23T,1,Early,NA,NA,NA,NA,NA,NA,NA,NA,31,38.92,NA,Small
249,L,Big,E16_23,Pot,High,R23T,2,Early,NA,NA,NA,NA,NA,NA,NA,NA,34,35.91,Y,Small
250,L,Big,E16_23,Pot,High,R25B,2,Early,NA,NA,NA,NA,NA,NA,NA,NA,NA,NA,NA,Small
251,L,Big,E16_23,Pot,High,R25B,1,Early,NA,NA,NA,NA,NA,NA,NA,NA,40,33.77,NA,Small
252,L,Big,E16_23,Pot,High,R25B,2,Early,NA,NA,NA,NA,NA,NA,NA,NA,27,23.26,Y,Small
2,I,Big,E16_20,Pot,High,R21T,NA,Late,NA,NA,NA,NA,NA,NA,NA,NA,NA,NA,NA,Big
6,I,Big,E16_20,Pot,High,R24B,NA,Late,NA,NA,NA,NA,NA,NA,NA,NA,NA,NA,NA,Big
49,B,Small,E16_T1_26,Plug,High,R21T,NA,Late,NA,NA,NA,NA,NA,NA,NA,NA,NA,NA,NA,Big
50,B,Small,E16_T1_26,Plug,High,R21T,NA,Late,NA,NA,NA,NA,NA,NA,NA,NA,NA,NA,NA,Big
64,B,Small,E16_T1_26,Plug,Low,R24T,NA,Late,NA,NA,NA,NA,NA,NA,NA,NA,NA,NA,NA,Big
74,J,Big,E16_19,Pot,High,R21T,NA,Late,NA,NA,NA,NA,NA,NA,NA,NA,NA,NA,NA,Big
76,J,Big,E16_19,Pot,High,R24B,NA,Late,NA,NA,NA,NA,NA,NA,NA,NA,NA,NA,NA,Big
143,C,Small,E03_04,Pot,Low,R25T,NA,Late,NA,NA,NA,NA,NA,NA,NA,NA,NA,NA,NA,Big
145,A,Small,E03_T1_29,Plug,High,R21T,NA,Late,NA,NA,NA,NA,NA,NA,NA,NA,NA,NA,NA,Small
232,G,Big,E16_04,Pot,Low,R24T,NA,Late,NA,NA,NA,NA,NA,NA,NA,NA,NA,NA,NA,Small
242,L,Big,E16_23,Pot,High,R21T,NA,Late,NA,NA,NA,NA,NA,NA,NA,NA,NA,NA,NA,Small
250,L,Big,E16_23,Pot,High,R25B,NA,Late,NA,NA,NA,NA,NA,NA,NA,NA,NA,NA,NA,Small